{
    "name": "root",
    "metadata": {
        "timer_format_version": "0.1.0",
        "start_time_seconds": "1622462335",
        "python_version": "3.9.0 (tags/v3.9.0:9cf6752, Oct  5 2020, 15:34:40) [MSC v.1927 64 bit (AMD64)]",
        "command_line_arguments": "F:\\20 crores\\Nightmare ml agents\\ve\\Scripts\\mlagents-learn --run-id=reachfinish1",
        "mlagents_version": "0.26.0",
        "mlagents_envs_version": "0.26.0",
        "communication_protocol_version": "1.5.0",
        "pytorch_version": "1.7.1+cu110",
        "numpy_version": "1.20.3",
        "end_time_seconds": "1622462541"
    },
    "total": 206.14974379999998,
    "count": 1,
    "self": 0.3008463999999833,
    "children": {
        "run_training.setup": {
            "total": 0.0365065,
            "count": 1,
            "self": 0.0365065
        },
        "TrainerController.start_learning": {
            "total": 205.8123909,
            "count": 1,
            "self": 0.41044399999972825,
            "children": {
                "TrainerController._reset_env": {
                    "total": 17.616566900000002,
                    "count": 1,
                    "self": 17.616566900000002
                },
                "TrainerController.advance": {
                    "total": 184.62546550000027,
                    "count": 7635,
                    "self": 0.4020246000005443,
                    "children": {
                        "env_step": {
                            "total": 181.65463219999992,
                            "count": 7635,
                            "self": 144.3006247999997,
                            "children": {
                                "SubprocessEnvManager._take_step": {
                                    "total": 37.103895100000486,
                                    "count": 7635,
                                    "self": 1.25394219999923,
                                    "children": {
                                        "TorchPolicy.evaluate": {
                                            "total": 35.849952900001256,
                                            "count": 7507,
                                            "self": 13.096879100000944,
                                            "children": {
                                                "TorchPolicy.sample_actions": {
                                                    "total": 22.753073800000312,
                                                    "count": 7507,
                                                    "self": 22.753073800000312
                                                }
                                            }
                                        }
                                    }
                                },
                                "workers": {
                                    "total": 0.2501122999997385,
                                    "count": 7634,
                                    "self": 0.0,
                                    "children": {
                                        "worker_root": {
                                            "total": 185.88309270000028,
                                            "count": 7634,
                                            "is_parallel": true,
                                            "self": 60.47370330000045,
                                            "children": {
                                                "steps_from_proto": {
                                                    "total": 0.0002985000000013116,
                                                    "count": 1,
                                                    "is_parallel": true,
                                                    "self": 0.00010880000000312862,
                                                    "children": {
                                                        "_process_rank_one_or_two_observation": {
                                                            "total": 0.000189699999998183,
                                                            "count": 2,
                                                            "is_parallel": true,
                                                            "self": 0.000189699999998183
                                                        }
                                                    }
                                                },
                                                "UnityEnvironment.step": {
                                                    "total": 125.40909089999982,
                                                    "count": 7634,
                                                    "is_parallel": true,
                                                    "self": 1.2814996999995856,
                                                    "children": {
                                                        "UnityEnvironment._generate_step_input": {
                                                            "total": 2.959005900000559,
                                                            "count": 7634,
                                                            "is_parallel": true,
                                                            "self": 2.959005900000559
                                                        },
                                                        "communicator.exchange": {
                                                            "total": 116.88760560000007,
                                                            "count": 7634,
                                                            "is_parallel": true,
                                                            "self": 116.88760560000007
                                                        },
                                                        "steps_from_proto": {
                                                            "total": 4.280979699999605,
                                                            "count": 7634,
                                                            "is_parallel": true,
                                                            "self": 2.5275157999993922,
                                                            "children": {
                                                                "_process_rank_one_or_two_observation": {
                                                                    "total": 1.753463900000213,
                                                                    "count": 15268,
                                                                    "is_parallel": true,
                                                                    "self": 1.753463900000213
                                                                }
                                                            }
                                                        }
                                                    }
                                                }
                                            }
                                        }
                                    }
                                }
                            }
                        },
                        "trainer_advance": {
                            "total": 2.568808699999792,
                            "count": 7634,
                            "self": 0.4878004999997714,
                            "children": {
                                "process_trajectory": {
                                    "total": 2.0810082000000207,
                                    "count": 7634,
                                    "self": 2.0810082000000207
                                }
                            }
                        }
                    }
                },