{
    "name": "root",
    "metadata": {
        "timer_format_version": "0.1.0",
        "start_time_seconds": "1622482271",
        "python_version": "3.9.0 (tags/v3.9.0:9cf6752, Oct  5 2020, 15:34:40) [MSC v.1927 64 bit (AMD64)]",
        "command_line_arguments": "F:\\20 crores\\Nightmare ml agents\\ve\\Scripts\\mlagents-learn --run-id=checkpoint1",
        "mlagents_version": "0.26.0",
        "mlagents_envs_version": "0.26.0",
        "communication_protocol_version": "1.5.0",
        "pytorch_version": "1.7.1+cu110",
        "numpy_version": "1.20.3",
        "end_time_seconds": "1622482728"
    },
    "total": 456.48040249999997,
    "count": 1,
    "self": 0.04833939999997483,
    "children": {
        "run_training.setup": {
            "total": 0.031182400000000055,
            "count": 1,
            "self": 0.031182400000000055
        },
        "TrainerController.start_learning": {
            "total": 456.4008807,
            "count": 1,
            "self": 0.9525922000003106,
            "children": {
                "TrainerController._reset_env": {
                    "total": 5.4677073,
                    "count": 1,
                    "self": 5.4677073
                },
                "TrainerController.advance": {
                    "total": 449.37863609999977,
                    "count": 22371,
                    "self": 0.944851399997674,
                    "children": {
                        "env_step": {
                            "total": 433.62802390000286,
                            "count": 22371,
                            "self": 343.8307820000071,
                            "children": {
                                "SubprocessEnvManager._take_step": {
                                    "total": 89.18575679999745,
                                    "count": 22371,
                                    "self": 3.09033249999527,
                                    "children": {
                                        "TorchPolicy.evaluate": {
                                            "total": 86.09542430000218,
                                            "count": 22097,
                                            "self": 33.359889500003774,
                                            "children": {
                                                "TorchPolicy.sample_actions": {
                                                    "total": 52.735534799998405,
                                                    "count": 22097,
                                                    "self": 52.735534799998405
                                                }
                                            }
                                        }
                                    }
                                },
                                "workers": {
                                    "total": 0.6114850999982941,
                                    "count": 22370,
                                    "self": 0.0,
                                    "children": {
                                        "worker_root": {
                                            "total": 450.47980540000054,
                                            "count": 22370,
                                            "is_parallel": true,
                                            "self": 153.24355189999966,
                                            "children": {
                                                "steps_from_proto": {
                                                    "total": 0.0003169999999999007,
                                                    "count": 1,
                                                    "is_parallel": true,
                                                    "self": 0.00013149999999972906,
                                                    "children": {
                                                        "_process_rank_one_or_two_observation": {
                                                            "total": 0.00018550000000017164,
                                                            "count": 2,
                                                            "is_parallel": true,
                                                            "self": 0.00018550000000017164
                                                        }
                                                    }
                                                },
                                                "UnityEnvironment.step": {
                                                    "total": 297.2359365000009,
                                                    "count": 22370,
                                                    "is_parallel": true,
                                                    "self": 3.304603200003214,
                                                    "children": {
                                                        "UnityEnvironment._generate_step_input": {
                                                            "total": 7.682682899998099,
                                                            "count": 22370,
                                                            "is_parallel": true,
                                                            "self": 7.682682899998099
                                                        },
                                                        "communicator.exchange": {
                                                            "total": 275.6447431999996,
                                                            "count": 22370,
                                                            "is_parallel": true,
                                                            "self": 275.6447431999996
                                                        },
                                                        "steps_from_proto": {
                                                            "total": 10.603907199999966,
                                                            "count": 22370,
                                                            "is_parallel": true,
                                                            "self": 5.998785200002805,
                                                            "children": {
                                                                "_process_rank_one_or_two_observation": {
                                                                    "total": 4.605121999997161,
                                                                    "count": 44740,
                                                                    "is_parallel": true,
                                                                    "self": 4.605121999997161
                                                                }
                                                            }
                                                        }
                                                    }
                                                }
                                            }
                                        }
                                    }
                                }
                            }
                        },
                        "trainer_advance": {
                            "total": 14.805760799999222,
                            "count": 22370,
                            "self": 1.0403977000001756,
                            "children": {
                                "process_trajectory": {
                                    "total": 4.683697699999026,
                                    "count": 22370,
                                    "self": 4.683697699999026
                                },
                                "_update_policy": {
                                    "total": 9.08166540000002,