{
    "name": "root",
    "metadata": {
        "timer_format_version": "0.1.0",
        "start_time_seconds": "1622462770",
        "python_version": "3.9.0 (tags/v3.9.0:9cf6752, Oct  5 2020, 15:34:40) [MSC v.1927 64 bit (AMD64)]",
        "command_line_arguments": "F:\\20 crores\\Nightmare ml agents\\ve\\Scripts\\mlagents-learn --run-id=reachfinish2",
        "mlagents_version": "0.26.0",
        "mlagents_envs_version": "0.26.0",
        "communication_protocol_version": "1.5.0",
        "pytorch_version": "1.7.1+cu110",
        "numpy_version": "1.20.3",
        "end_time_seconds": "1622463177"
    },
    "total": 406.5380675,
    "count": 1,
    "self": 0.01426010000000133,
    "children": {
        "run_training.setup": {
            "total": 0.03214209999999995,
            "count": 1,
            "self": 0.03214209999999995
        },
        "TrainerController.start_learning": {
            "total": 406.4916653,
            "count": 1,
            "self": 0.08616560000143636,
            "children": {
                "TrainerController._reset_env": {
                    "total": 357.0717317,
                    "count": 1,
                    "self": 357.0717317
                },
                "TrainerController.advance": {
                    "total": 49.2238840999986,
                    "count": 3931,
                    "self": 0.07942879999734487,
                    "children": {
                        "env_step": {
                            "total": 44.6490804000008,
                            "count": 3931,
                            "self": 37.40094459999966,
                            "children": {
                                "SubprocessEnvManager._take_step": {
                                    "total": 7.2009257999984015,
                                    "count": 3931,
                                    "self": 0.2348436999969863,
                                    "children": {
                                        "TorchPolicy.evaluate": {
                                            "total": 6.966082100001415,
                                            "count": 3931,
                                            "self": 2.8545186000008584,
                                            "children": {
                                                "TorchPolicy.sample_actions": {
                                                    "total": 4.111563500000557,
                                                    "count": 3931,
                                                    "self": 4.111563500000557
                                                }
                                            }
                                        }
                                    }
                                },
                                "workers": {
                                    "total": 0.04721000000273534,
                                    "count": 3930,
                                    "self": 0.0,
                                    "children": {
                                        "worker_root": {
                                            "total": 50.870746899999176,
                                            "count": 3930,
                                            "is_parallel": true,
                                            "self": 17.566445799999997,
                                            "children": {
                                                "steps_from_proto": {
                                                    "total": 0.0002754999999865504,
                                                    "count": 1,
                                                    "is_parallel": true,
                                                    "self": 0.00010959999997339764,
                                                    "children": {
                                                        "_process_rank_one_or_two_observation": {
                                                            "total": 0.00016590000001315275,
                                                            "count": 2,
                                                            "is_parallel": true,
                                                            "self": 0.00016590000001315275
                                                        }
                                                    }
                                                },
                                                "UnityEnvironment.step": {
                                                    "total": 33.30402559999919,
                                                    "count": 3930,
                                                    "is_parallel": true,
                                                    "self": 0.2608197000022301,
                                                    "children": {
                                                        "UnityEnvironment._generate_step_input": {
                                                            "total": 0.6338672999968935,
                                                            "count": 3930,
                                                            "is_parallel": true,
                                                            "self": 0.6338672999968935
                                                        },
                                                        "communicator.exchange": {
                                                            "total": 31.420638900000597,
                                                            "count": 3930,
                                                            "is_parallel": true,
                                                            "self": 31.420638900000597
                                                        },
                                                        "steps_from_proto": {
                                                            "total": 0.9886996999994722,
                                                            "count": 3930,
                                                            "is_parallel": true,
                                                            "self": 0.5108184999990044,
                                                            "children": {
                                                                "_process_rank_one_or_two_observation": {
                                                                    "total": 0.47788120000046774,
                                                                    "count": 7860,
                                                                    "is_parallel": true,
                                                                    "self": 0.47788120000046774
                                                                }
                                                            }
                                                        }
                                                    }
                                                }
                                            }
                                        }
                                    }
                                }
                            }
                        },
                        "trainer_advance": {
                            "total": 4.495374900000456,
                            "count": 3930,
                            "self": 0.08597740000158183,
                            "children": {
                                "process_trajectory": {
                                    "total": 4.4093974999988745,
                                    "count": 3930,
                                    "self": 4.4093974999988745
                                }
                            }
                        }
                    }
                },