{
    "name": "root",
    "metadata": {
        "timer_format_version": "0.1.0",
        "start_time_seconds": "1622458476",
        "python_version": "3.9.0 (tags/v3.9.0:9cf6752, Oct  5 2020, 15:34:40) [MSC v.1927 64 bit (AMD64)]",
        "command_line_arguments": "F:\\20 crores\\Nightmare ml agents\\ve\\Scripts\\mlagents-learn --run-id=mlrot",
        "mlagents_version": "0.26.0",
        "mlagents_envs_version": "0.26.0",
        "communication_protocol_version": "1.5.0",
        "pytorch_version": "1.7.1+cu110",
        "numpy_version": "1.20.3",
        "end_time_seconds": "1622458520"
    },
    "total": 43.831653200000005,
    "count": 1,
    "self": 0.04920620000000042,
    "children": {
        "run_training.setup": {
            "total": 0.25215090000000373,
            "count": 1,
            "self": 0.25215090000000373
        },
        "TrainerController.start_learning": {
            "total": 43.5302961,
            "count": 1,
            "self": 0.018471599999777766,
            "children": {
                "TrainerController._reset_env": {
                    "total": 24.510830699999993,
                    "count": 1,
                    "self": 24.510830699999993
                },
                "TrainerController.advance": {
                    "total": 16.47371830000023,
                    "count": 957,
                    "self": 0.017950900000471393,
                    "children": {
                        "env_step": {
                            "total": 16.230504100000132,
                            "count": 957,
                            "self": 9.796459500000111,
                            "children": {
                                "SubprocessEnvManager._take_step": {
                                    "total": 6.422779900000137,
                                    "count": 957,
                                    "self": 0.06197490000042194,
                                    "children": {
                                        "TorchPolicy.evaluate": {
                                            "total": 6.360804999999715,
                                            "count": 957,
                                            "self": 0.8503922999999247,
                                            "children": {
                                                "TorchPolicy.sample_actions": {
                                                    "total": 5.51041269999979,
                                                    "count": 957,
                                                    "self": 5.51041269999979
                                                }
                                            }
                                        }
                                    }
                                },
                                "workers": {
                                    "total": 0.011264699999884442,
                                    "count": 956,
                                    "self": 0.0,
                                    "children": {
                                        "worker_root": {
                                            "total": 29.028832599999973,
                                            "count": 956,
                                            "is_parallel": true,
                                            "self": 20.193535599999827,
                                            "children": {
                                                "steps_from_proto": {
                                                    "total": 0.054942199999999275,
                                                    "count": 1,
                                                    "is_parallel": true,
                                                    "self": 0.00018750000000089528,
                                                    "children": {
                                                        "_process_rank_one_or_two_observation": {
                                                            "total": 0.05475469999999838,
                                                            "count": 2,
                                                            "is_parallel": true,
                                                            "self": 0.05475469999999838
                                                        }
                                                    }
                                                },
                                                "UnityEnvironment.step": {
                                                    "total": 8.780354800000147,
                                                    "count": 956,
                                                    "is_parallel": true,
                                                    "self": 0.0633701000001885,
                                                    "children": {
                                                        "UnityEnvironment._generate_step_input": {
                                                            "total": 0.14693149999997246,
                                                            "count": 956,
                                                            "is_parallel": true,
                                                            "self": 0.14693149999997246
                                                        },
                                                        "communicator.exchange": {
                                                            "total": 8.359810199999849,
                                                            "count": 956,
                                                            "is_parallel": true,
                                                            "self": 8.359810199999849
                                                        },
                                                        "steps_from_proto": {
                                                            "total": 0.21024300000013696,
                                                            "count": 956,
                                                            "is_parallel": true,
                                                            "self": 0.11212840000030155,
                                                            "children": {
                                                                "_process_rank_one_or_two_observation": {
                                                                    "total": 0.0981145999998354,
                                                                    "count": 1912,
                                                                    "is_parallel": true,
                                                                    "self": 0.0981145999998354
                                                                }
                                                            }
                                                        }
                                                    }
                                                }
                                            }
                                        }
                                    }
                                }
                            }
                        },
                        "trainer_advance": {
                            "total": 0.22526329999962513,
                            "count": 956,
                            "self": 0.022748799999661173,
                            "children": {
                                "process_trajectory": {
                                    "total": 0.20251449999996396,
                                    "count": 956,
                                    "self": 0.20251449999996396
                                }
                            }
                        }
                    }
                },