{
    "name": "root",
    "metadata": {
        "timer_format_version": "0.1.0",
        "start_time_seconds": "1622471765",
        "python_version": "3.9.0 (tags/v3.9.0:9cf6752, Oct  5 2020, 15:34:40) [MSC v.1927 64 bit (AMD64)]",
        "command_line_arguments": "F:\\20 crores\\Nightmare ml agents\\ve\\Scripts\\mlagents-learn --run-id=logrunner2",
        "mlagents_version": "0.26.0",
        "mlagents_envs_version": "0.26.0",
        "communication_protocol_version": "1.5.0",
        "pytorch_version": "1.7.1+cu110",
        "numpy_version": "1.20.3",
        "end_time_seconds": "1622471792"
    },
    "total": 27.2269686,
    "count": 1,
    "self": 0.011929200000000861,
    "children": {
        "run_training.setup": {
            "total": 0.03227479999999994,
            "count": 1,
            "self": 0.03227479999999994
        },
        "TrainerController.start_learning": {
            "total": 27.1827646,
            "count": 1,
            "self": 0.034845000000096604,
            "children": {
                "TrainerController._reset_env": {
                    "total": 7.2610440999999994,
                    "count": 1,
                    "self": 7.2610440999999994
                },
                "TrainerController.advance": {
                    "total": 19.6957320999999,
                    "count": 1654,
                    "self": 0.03473109999990953,
                    "children": {
                        "env_step": {
                            "total": 19.478793999999997,
                            "count": 1654,
                            "self": 15.6089427,
                            "children": {
                                "SubprocessEnvManager._take_step": {
                                    "total": 3.84790380000001,
                                    "count": 1654,
                                    "self": 0.12667189999997852,
                                    "children": {
                                        "TorchPolicy.evaluate": {
                                            "total": 3.7212319000000313,
                                            "count": 1654,
                                            "self": 1.430412000000043,
                                            "children": {
                                                "TorchPolicy.sample_actions": {
                                                    "total": 2.2908198999999883,
                                                    "count": 1654,
                                                    "self": 2.2908198999999883
                                                }
                                            }
                                        }
                                    }
                                },
                                "workers": {
                                    "total": 0.02194749999998713,
                                    "count": 1653,
                                    "self": 0.0,
                                    "children": {
                                        "worker_root": {
                                            "total": 21.312193000000033,
                                            "count": 1653,
                                            "is_parallel": true,
                                            "self": 7.555166,
                                            "children": {
                                                "steps_from_proto": {
                                                    "total": 0.0003047000000000466,
                                                    "count": 1,
                                                    "is_parallel": true,
                                                    "self": 0.0001353000000001714,
                                                    "children": {
                                                        "_process_rank_one_or_two_observation": {
                                                            "total": 0.0001693999999998752,
                                                            "count": 2,
                                                            "is_parallel": true,
                                                            "self": 0.0001693999999998752
                                                        }
                                                    }
                                                },
                                                "UnityEnvironment.step": {
                                                    "total": 13.756722300000032,
                                                    "count": 1653,
                                                    "is_parallel": true,
                                                    "self": 0.12592150000013902,
                                                    "children": {
                                                        "UnityEnvironment._generate_step_input": {
                                                            "total": 0.29255839999992794,
                                                            "count": 1653,
                                                            "is_parallel": true,
                                                            "self": 0.29255839999992794
                                                        },
                                                        "communicator.exchange": {
                                                            "total": 12.929614099999895,
                                                            "count": 1653,
                                                            "is_parallel": true,
                                                            "self": 12.929614099999895
                                                        },
                                                        "steps_from_proto": {
                                                            "total": 0.40862830000006856,
                                                            "count": 1653,
                                                            "is_parallel": true,
                                                            "self": 0.2187164000001589,
                                                            "children": {
                                                                "_process_rank_one_or_two_observation": {
                                                                    "total": 0.18991189999990965,
                                                                    "count": 3306,
                                                                    "is_parallel": true,
                                                                    "self": 0.18991189999990965
                                                                }
                                                            }
                                                        }
                                                    }
                                                }
                                            }
                                        }
                                    }
                                }
                            }
                        },
                        "trainer_advance": {
                            "total": 0.18220699999999468,
                            "count": 1653,
                            "self": 0.04420880000004601,
                            "children": {
                                "process_trajectory": {
                                    "total": 0.13799819999994867,
                                    "count": 1653,
                                    "self": 0.13799819999994867
                                }
                            }
                        }
                    }
                },