{
    "name": "root",
    "metadata": {
        "timer_format_version": "0.1.0",
        "start_time_seconds": "1622458616",
        "python_version": "3.9.0 (tags/v3.9.0:9cf6752, Oct  5 2020, 15:34:40) [MSC v.1927 64 bit (AMD64)]",
        "command_line_arguments": "F:\\20 crores\\Nightmare ml agents\\ve\\Scripts\\mlagents-learn --run-id=7",
        "mlagents_version": "0.26.0",
        "mlagents_envs_version": "0.26.0",
        "communication_protocol_version": "1.5.0",
        "pytorch_version": "1.7.1+cu110",
        "numpy_version": "1.20.3",
        "end_time_seconds": "1622458640"
    },
    "total": 23.502274800000002,
    "count": 1,
    "self": 0.007346600000001757,
    "children": {
        "run_training.setup": {
            "total": 0.029543600000000003,
            "count": 1,
            "self": 0.029543600000000003
        },
        "TrainerController.start_learning": {
            "total": 23.4653846,
            "count": 1,
            "self": 0.02062989999999232,
            "children": {
                "TrainerController._reset_env": {
                    "total": 9.909162199999999,
                    "count": 1,
                    "self": 9.909162199999999
                },
                "TrainerController.advance": {
                    "total": 13.419595400000011,
                    "count": 1147,
                    "self": 0.020475799999973177,
                    "children": {
                        "env_step": {
                            "total": 13.295281399999995,
                            "count": 1147,
                            "self": 10.795148100000052,
                            "children": {
                                "SubprocessEnvManager._take_step": {
                                    "total": 2.4869474999999692,
                                    "count": 1147,
                                    "self": 0.07505869999996406,
                                    "children": {
                                        "TorchPolicy.evaluate": {
                                            "total": 2.411888800000005,
                                            "count": 1147,
                                            "self": 0.9214452000000026,
                                            "children": {
                                                "TorchPolicy.sample_actions": {
                                                    "total": 1.4904436000000025,
                                                    "count": 1147,
                                                    "self": 1.4904436000000025
                                                }
                                            }
                                        }
                                    }
                                },
                                "workers": {
                                    "total": 0.013185799999973824,
                                    "count": 1146,
                                    "self": 0.0,
                                    "children": {
                                        "worker_root": {
                                            "total": 14.963125399999992,
                                            "count": 1146,
                                            "is_parallel": true,
                                            "self": 5.306601500000031,
                                            "children": {
                                                "steps_from_proto": {
                                                    "total": 0.0002617000000011416,
                                                    "count": 1,
                                                    "is_parallel": true,
                                                    "self": 0.00012549999999933448,
                                                    "children": {
                                                        "_process_rank_one_or_two_observation": {
                                                            "total": 0.0001362000000018071,
                                                            "count": 2,
                                                            "is_parallel": true,
                                                            "self": 0.0001362000000018071
                                                        }
                                                    }
                                                },
                                                "UnityEnvironment.step": {
                                                    "total": 9.65626219999996,
                                                    "count": 1146,
                                                    "is_parallel": true,
                                                    "self": 0.07528829999992581,
                                                    "children": {
                                                        "UnityEnvironment._generate_step_input": {
                                                            "total": 0.1784475000000061,
                                                            "count": 1146,
                                                            "is_parallel": true,
                                                            "self": 0.1784475000000061
                                                        },
                                                        "communicator.exchange": {
                                                            "total": 9.154445199999994,
                                                            "count": 1146,
                                                            "is_parallel": true,
                                                            "self": 9.154445199999994
                                                        },
                                                        "steps_from_proto": {
                                                            "total": 0.24808120000003342,
                                                            "count": 1146,
                                                            "is_parallel": true,
                                                            "self": 0.1307740000000024,
                                                            "children": {
                                                                "_process_rank_one_or_two_observation": {
                                                                    "total": 0.11730720000003103,
                                                                    "count": 2292,
                                                                    "is_parallel": true,
                                                                    "self": 0.11730720000003103
                                                                }
                                                            }
                                                        }
                                                    }
                                                }
                                            }
                                        }
                                    }
                                }
                            }
                        },
                        "trainer_advance": {
                            "total": 0.10383820000004285,
                            "count": 1146,
                            "self": 0.026011700000044158,
                            "children": {
                                "process_trajectory": {
                                    "total": 0.07782649999999869,
                                    "count": 1146,
                                    "self": 0.07782649999999869
                                }
                            }
                        }
                    }
                },