{
    "name": "root",
    "metadata": {
        "timer_format_version": "0.1.0",
        "start_time_seconds": "1622443071",
        "python_version": "3.9.0 (tags/v3.9.0:9cf6752, Oct  5 2020, 15:34:40) [MSC v.1927 64 bit (AMD64)]",
        "command_line_arguments": "F:\\20 crores\\Nightmare ml agents\\ve\\Scripts\\mlagents-learn --run-id=2",
        "mlagents_version": "0.26.0",
        "mlagents_envs_version": "0.26.0",
        "communication_protocol_version": "1.5.0",
        "pytorch_version": "1.7.1+cu110",
        "numpy_version": "1.20.3",
        "end_time_seconds": "1622443095"
    },
    "total": 23.7380577,
    "count": 1,
    "self": 0.011335599999998891,
    "children": {
        "run_training.setup": {
            "total": 0.030318799999999868,
            "count": 1,
            "self": 0.030318799999999868
        },
        "TrainerController.start_learning": {
            "total": 23.6964033,
            "count": 1,
            "self": 0.029517999999995936,
            "children": {
                "TrainerController._reset_env": {
                    "total": 9.3165687,
                    "count": 1,
                    "self": 9.3165687
                },
                "TrainerController.advance": {
                    "total": 14.259132200000005,
                    "count": 1448,
                    "self": 0.02783180000001373,
                    "children": {
                        "env_step": {
                            "total": 14.064568700000034,
                            "count": 1448,
                            "self": 10.97643650000016,
                            "children": {
                                "SubprocessEnvManager._take_step": {
                                    "total": 3.0707725999999127,
                                    "count": 1448,
                                    "self": 0.09488009999989444,
                                    "children": {
                                        "TorchPolicy.evaluate": {
                                            "total": 2.9758925000000183,
                                            "count": 1434,
                                            "self": 1.1124773000000978,
                                            "children": {
                                                "TorchPolicy.sample_actions": {
                                                    "total": 1.8634151999999204,
                                                    "count": 1434,
                                                    "self": 1.8634151999999204
                                                }
                                            }
                                        }
                                    }
                                },
                                "workers": {
                                    "total": 0.017359599999961617,
                                    "count": 1447,
                                    "self": 0.0,
                                    "children": {
                                        "worker_root": {
                                            "total": 16.09367809999999,
                                            "count": 1447,
                                            "is_parallel": true,
                                            "self": 6.598596499999964,
                                            "children": {
                                                "steps_from_proto": {
                                                    "total": 0.00041409999999952873,
                                                    "count": 1,
                                                    "is_parallel": true,
                                                    "self": 0.0001676000000001565,
                                                    "children": {
                                                        "_process_rank_one_or_two_observation": {
                                                            "total": 0.0002464999999993722,
                                                            "count": 2,
                                                            "is_parallel": true,
                                                            "self": 0.0002464999999993722
                                                        }
                                                    }
                                                },
                                                "UnityEnvironment.step": {
                                                    "total": 9.494667500000027,
                                                    "count": 1447,
                                                    "is_parallel": true,
                                                    "self": 0.10421510000006862,
                                                    "children": {
                                                        "UnityEnvironment._generate_step_input": {
                                                            "total": 0.23112060000000767,
                                                            "count": 1447,
                                                            "is_parallel": true,
                                                            "self": 0.23112060000000767
                                                        },
                                                        "communicator.exchange": {
                                                            "total": 8.82644609999997,
                                                            "count": 1447,
                                                            "is_parallel": true,
                                                            "self": 8.82644609999997
                                                        },
                                                        "steps_from_proto": {
                                                            "total": 0.33288569999998074,
                                                            "count": 1447,
                                                            "is_parallel": true,
                                                            "self": 0.17259809999995213,
                                                            "children": {
                                                                "_process_rank_one_or_two_observation": {
                                                                    "total": 0.16028760000002862,
                                                                    "count": 2894,
                                                                    "is_parallel": true,
                                                                    "self": 0.16028760000002862
                                                                }
                                                            }
                                                        }
                                                    }
                                                }
                                            }
                                        }
                                    }
                                }
                            }
                        },
                        "trainer_advance": {
                            "total": 0.16673169999995707,
                            "count": 1447,
                            "self": 0.034194900000011685,
                            "children": {
                                "process_trajectory": {
                                    "total": 0.1325367999999454,
                                    "count": 1447,
                                    "self": 0.1325367999999454
                                }
                            }
                        }
                    }
                },