{"count":1,"self":7.8720719999999993,"total":24.6178261,"children":{"InitializeActuators":{"count":9,"self":0.0019982999999999997,"total":0.0019982999999999997,"children":null},"InitializeSensors":{"count":9,"self":0.00099629999999999988,"total":0.00099629999999999988,"children":null},"AgentSendState":{"count":5751,"self":0.03991,"total":0.1933406,"children":{"CollectObservations":{"count":10359,"self":0.0199453,"total":0.0199453,"children":null},"WriteActionMask":{"count":10359,"self":0.0069901999999999994,"total":0.0069901999999999994,"children":null},"RequestDecision":{"count":10359,"self":0.0549824,"total":0.1264951,"children":{"AgentInfo.ToProto":{"count":10359,"self":0.0279186,"total":0.0715127,"children":{"GenerateSensorData":{"count":10359,"self":0.0435941,"total":0.0435941,"children":null}}}}}}},"DecideAction":{"count":5751,"self":16.4663568,"total":16.4663574,"children":null},"AgentAct":{"count":5751,"self":0.0750808,"total":0.0750808,"children":null},"AgentInfo.ToProto":{"count":431,"self":0.0029884,"total":0.0059897,"children":{"GenerateSensorData":{"count":431,"self":0.0030012999999999997,"total":0.0030012999999999997,"children":null}}}},"gauges":{"RewardBias.CumulativeReward":{"count":431,"max":39,"min":-38,"runningAverage":2.97215772,"value":8,"weightedAverage":1.42075837}},"metadata":{"timer_format_version":"0.1.0","start_time_seconds":"1622618345","unity_version":"2020.1.2f1","command_line_arguments":"F:\\Games\\2020.1.2f1\\Editor\\Unity.exe -projectpath F:\/20 crores\/Nightmare ml agents -useHub -hubIPC -cloudEnvironment production -hubSessionId c207c750-c156-11eb-a3fb-33729ff5ccda -accessToken nWRjgJfijJ6Js18YZXs3I6YXtXXw_Yaiz2xm7l9dUtY00cf","communication_protocol_version":"1.3.0","com.unity.ml-agents_version":"1.7.0-preview","scene_name":"kosnet","end_time_seconds":"1622618370"}}