{
    "name": "root",
    "metadata": {
        "timer_format_version": "0.1.0",
        "start_time_seconds": "1622470725",
        "python_version": "3.9.0 (tags/v3.9.0:9cf6752, Oct  5 2020, 15:34:40) [MSC v.1927 64 bit (AMD64)]",
        "command_line_arguments": "F:\\20 crores\\Nightmare ml agents\\ve\\Scripts\\mlagents-learn --run-id=Logrunner",
        "mlagents_version": "0.26.0",
        "mlagents_envs_version": "0.26.0",
        "communication_protocol_version": "1.5.0",
        "pytorch_version": "1.7.1+cu110",
        "numpy_version": "1.20.3",
        "end_time_seconds": "1622470753"
    },
    "total": 28.518598400000002,
    "count": 1,
    "self": 0.005474800000001778,
    "children": {
        "run_training.setup": {
            "total": 0.03336710000000043,
            "count": 1,
            "self": 0.03336710000000043
        },
        "TrainerController.start_learning": {
            "total": 28.4797565,
            "count": 1,
            "self": 0.003868599999997002,
            "children": {
                "TrainerController._reset_env": {
                    "total": 17.770057100000002,
                    "count": 1,
                    "self": 17.770057100000002
                },
                "TrainerController.advance": {
                    "total": 8.5811223,
                    "count": 191,
                    "self": 0.003458600000048051,
                    "children": {
                        "env_step": {
                            "total": 8.372736499999995,
                            "count": 191,
                            "self": 3.025220999999995,
                            "children": {
                                "SubprocessEnvManager._take_step": {
                                    "total": 5.34541590000001,
                                    "count": 191,
                                    "self": 0.010584400000006156,
                                    "children": {
                                        "TorchPolicy.evaluate": {
                                            "total": 5.3348315000000035,
                                            "count": 191,
                                            "self": 0.35424240000003593,
                                            "children": {
                                                "TorchPolicy.sample_actions": {
                                                    "total": 4.980589099999968,
                                                    "count": 191,
                                                    "self": 4.980589099999968
                                                }
                                            }
                                        }
                                    }
                                },
                                "workers": {
                                    "total": 0.0020995999999904313,
                                    "count": 190,
                                    "self": 0.0,
                                    "children": {
                                        "worker_root": {
                                            "total": 21.298624799999985,
                                            "count": 190,
                                            "is_parallel": true,
                                            "self": 18.42717189999999,
                                            "children": {
                                                "steps_from_proto": {
                                                    "total": 0.06363999999999947,
                                                    "count": 1,
                                                    "is_parallel": true,
                                                    "self": 0.06343310000000013,
                                                    "children": {
                                                        "_process_rank_one_or_two_observation": {
                                                            "total": 0.00020689999999934372,
                                                            "count": 2,
                                                            "is_parallel": true,
                                                            "self": 0.00020689999999934372
                                                        }
                                                    }
                                                },
                                                "UnityEnvironment.step": {
                                                    "total": 2.8078128999999947,
                                                    "count": 190,
                                                    "is_parallel": true,
                                                    "self": 0.013096999999991255,
                                                    "children": {
                                                        "UnityEnvironment._generate_step_input": {
                                                            "total": 0.030021699999995377,
                                                            "count": 190,
                                                            "is_parallel": true,
                                                            "self": 0.030021699999995377
                                                        },
                                                        "communicator.exchange": {
                                                            "total": 2.7082667999999934,
                                                            "count": 190,
                                                            "is_parallel": true,
                                                            "self": 2.7082667999999934
                                                        },
                                                        "steps_from_proto": {
                                                            "total": 0.05642740000001467,
                                                            "count": 190,
                                                            "is_parallel": true,
                                                            "self": 0.03690709999998987,
                                                            "children": {
                                                                "_process_rank_one_or_two_observation": {
                                                                    "total": 0.019520300000024804,
                                                                    "count": 380,
                                                                    "is_parallel": true,
                                                                    "self": 0.019520300000024804
                                                                }
                                                            }
                                                        }
                                                    }
                                                }
                                            }
                                        }
                                    }
                                }
                            }
                        },
                        "trainer_advance": {
                            "total": 0.20492719999995757,
                            "count": 190,
                            "self": 0.003906899999943647,
                            "children": {
                                "process_trajectory": {
                                    "total": 0.20102030000001392,
                                    "count": 190,
                                    "self": 0.20102030000001392
                                }
                            }
                        }
                    }
                },