{
    "name": "root",
    "metadata": {
        "timer_format_version": "0.1.0",
        "start_time_seconds": "1622473590",
        "python_version": "3.9.0 (tags/v3.9.0:9cf6752, Oct  5 2020, 15:34:40) [MSC v.1927 64 bit (AMD64)]",
        "command_line_arguments": "F:\\20 crores\\Nightmare ml agents\\ve\\Scripts\\mlagents-learn --run-id=obs1",
        "mlagents_version": "0.26.0",
        "mlagents_envs_version": "0.26.0",
        "communication_protocol_version": "1.5.0",
        "pytorch_version": "1.7.1+cu110",
        "numpy_version": "1.20.3",
        "end_time_seconds": "1622473637"
    },
    "total": 47.4522958,
    "count": 1,
    "self": 0.008118099999997241,
    "children": {
        "run_training.setup": {
            "total": 0.05186019999999991,
            "count": 1,
            "self": 0.05186019999999991
        },
        "TrainerController.start_learning": {
            "total": 47.392317500000004,
            "count": 1,
            "self": 0.03972829999994332,
            "children": {
                "TrainerController._reset_env": {
                    "total": 9.6985778,
                    "count": 1,
                    "self": 9.6985778
                },
                "TrainerController.advance": {
                    "total": 37.53421790000006,
                    "count": 1993,
                    "self": 0.04097909999992311,
                    "children": {
                        "env_step": {
                            "total": 37.1396828,
                            "count": 1993,
                            "self": 32.89069109999997,
                            "children": {
                                "SubprocessEnvManager._take_step": {
                                    "total": 4.224021200000026,
                                    "count": 1993,
                                    "self": 0.13628870000001925,
                                    "children": {
                                        "TorchPolicy.evaluate": {
                                            "total": 4.087732500000007,
                                            "count": 1991,
                                            "self": 1.608293500000002,
                                            "children": {
                                                "TorchPolicy.sample_actions": {
                                                    "total": 2.4794390000000046,
                                                    "count": 1991,
                                                    "self": 2.4794390000000046
                                                }
                                            }
                                        }
                                    }
                                },
                                "workers": {
                                    "total": 0.024970500000010887,
                                    "count": 1992,
                                    "self": 0.0,
                                    "children": {
                                        "worker_root": {
                                            "total": 30.826063700000017,
                                            "count": 1992,
                                            "is_parallel": true,
                                            "self": 8.333325199999987,
                                            "children": {
                                                "steps_from_proto": {
                                                    "total": 0.00035130000000016537,
                                                    "count": 1,
                                                    "is_parallel": true,
                                                    "self": 0.00014979999999908955,
                                                    "children": {
                                                        "_process_rank_one_or_two_observation": {
                                                            "total": 0.00020150000000107582,
                                                            "count": 2,
                                                            "is_parallel": true,
                                                            "self": 0.00020150000000107582
                                                        }
                                                    }
                                                },
                                                "UnityEnvironment.step": {
                                                    "total": 22.492387200000028,
                                                    "count": 1992,
                                                    "is_parallel": true,
                                                    "self": 0.1440039000000013,
                                                    "children": {
                                                        "UnityEnvironment._generate_step_input": {
                                                            "total": 0.3375685999999707,
                                                            "count": 1992,
                                                            "is_parallel": true,
                                                            "self": 0.3375685999999707
                                                        },
                                                        "communicator.exchange": {
                                                            "total": 21.534449700000096,
                                                            "count": 1992,
                                                            "is_parallel": true,
                                                            "self": 21.534449700000096
                                                        },
                                                        "steps_from_proto": {
                                                            "total": 0.4763649999999622,
                                                            "count": 1990,
                                                            "is_parallel": true,
                                                            "self": 0.2575602999999642,
                                                            "children": {
                                                                "_process_rank_one_or_two_observation": {
                                                                    "total": 0.21880469999999796,
                                                                    "count": 3980,
                                                                    "is_parallel": true,
                                                                    "self": 0.21880469999999796
                                                                }
                                                            }
                                                        }
                                                    }
                                                }
                                            }
                                        }
                                    }
                                }
                            }
                        },
                        "trainer_advance": {
                            "total": 0.35355600000013254,
                            "count": 1992,
                            "self": 0.04850360000003917,
                            "children": {
                                "process_trajectory": {
                                    "total": 0.30505240000009337,
                                    "count": 1992,
                                    "self": 0.30505240000009337
                                }
                            }
                        }
                    }
                },