{
    "name": "root",
    "metadata": {
        "timer_format_version": "0.1.0",
        "start_time_seconds": "1622605799",
        "python_version": "3.9.0 (tags/v3.9.0:9cf6752, Oct  5 2020, 15:34:40) [MSC v.1927 64 bit (AMD64)]",
        "command_line_arguments": "F:\\20 crores\\Nightmare ml agents\\ve\\Scripts\\mlagents-learn --run-id=rbisa1",
        "mlagents_version": "0.26.0",
        "mlagents_envs_version": "0.26.0",
        "communication_protocol_version": "1.5.0",
        "pytorch_version": "1.7.1+cu110",
        "numpy_version": "1.20.3",
        "end_time_seconds": "1622605888"
    },
    "total": 89.1859059,
    "count": 1,
    "self": 0.04063510000000292,
    "children": {
        "run_training.setup": {
            "total": 0.8730180999999995,
            "count": 1,
            "self": 0.8730180999999995
        },
        "TrainerController.start_learning": {
            "total": 88.2722527,
            "count": 1,
            "self": 0.1517695000003414,
            "children": {
                "TrainerController._reset_env": {
                    "total": 10.484041400000002,
                    "count": 1,
                    "self": 10.484041400000002
                },
                "TrainerController.advance": {
                    "total": 77.33655839999965,
                    "count": 7640,
                    "self": 0.14024159999918595,
                    "children": {
                        "env_step": {
                            "total": 76.25987709999997,
                            "count": 7640,
                            "self": 61.98550820000035,
                            "children": {
                                "SubprocessEnvManager._take_step": {
                                    "total": 14.18499759999995,
                                    "count": 7640,
                                    "self": 0.46509620000072616,
                                    "children": {
                                        "TorchPolicy.evaluate": {
                                            "total": 13.719901399999223,
                                            "count": 7524,
                                            "self": 5.7773787999989175,
                                            "children": {
                                                "TorchPolicy.sample_actions": {
                                                    "total": 7.942522600000306,
                                                    "count": 7524,
                                                    "self": 7.942522600000306
                                                }
                                            }
                                        }
                                    }
                                },
                                "workers": {
                                    "total": 0.08937129999966231,
                                    "count": 7639,
                                    "self": 0.0,
                                    "children": {
                                        "worker_root": {
                                            "total": 79.01506470000041,
                                            "count": 7639,
                                            "is_parallel": true,
                                            "self": 24.405972000000226,
                                            "children": {
                                                "steps_from_proto": {
                                                    "total": 0.00037769999999959225,
                                                    "count": 1,
                                                    "is_parallel": true,
                                                    "self": 0.00021509999999835827,
                                                    "children": {
                                                        "_process_rank_one_or_two_observation": {
                                                            "total": 0.00016260000000123398,
                                                            "count": 2,
                                                            "is_parallel": true,
                                                            "self": 0.00016260000000123398
                                                        }
                                                    }
                                                },
                                                "UnityEnvironment.step": {
                                                    "total": 54.60871500000018,
                                                    "count": 7639,
                                                    "is_parallel": true,
                                                    "self": 0.4875267999997135,
                                                    "children": {
                                                        "UnityEnvironment._generate_step_input": {
                                                            "total": 1.1697425999996724,
                                                            "count": 7639,
                                                            "is_parallel": true,
                                                            "self": 1.1697425999996724
                                                        },
                                                        "communicator.exchange": {
                                                            "total": 51.31046990000008,
                                                            "count": 7639,
                                                            "is_parallel": true,
                                                            "self": 51.31046990000008
                                                        },
                                                        "steps_from_proto": {
                                                            "total": 1.6409757000007144,
                                                            "count": 7639,
                                                            "is_parallel": true,
                                                            "self": 0.8698490000009276,
                                                            "children": {
                                                                "_process_rank_one_or_two_observation": {
                                                                    "total": 0.7711266999997868,
                                                                    "count": 15278,
                                                                    "is_parallel": true,
                                                                    "self": 0.7711266999997868
                                                                }
                                                            }
                                                        }
                                                    }
                                                }
                                            }
                                        }
                                    }
                                }
                            }
                        },
                        "trainer_advance": {
                            "total": 0.9364397000004914,
                            "count": 7639,
                            "self": 0.18144250000064943,
                            "children": {
                                "process_trajectory": {
                                    "total": 0.7549971999998419,
                                    "count": 7639,
                                    "self": 0.7549971999998419
                                }
                            }
                        }
                    }
                },