{
    "name": "root",
    "metadata": {
        "timer_format_version": "0.1.0",
        "start_time_seconds": "1622472260",
        "python_version": "3.9.0 (tags/v3.9.0:9cf6752, Oct  5 2020, 15:34:40) [MSC v.1927 64 bit (AMD64)]",
        "command_line_arguments": "F:\\20 crores\\Nightmare ml agents\\ve\\Scripts\\mlagents-learn --run-id=dodgeit",
        "mlagents_version": "0.26.0",
        "mlagents_envs_version": "0.26.0",
        "communication_protocol_version": "1.5.0",
        "pytorch_version": "1.7.1+cu110",
        "numpy_version": "1.20.3",
        "end_time_seconds": "1622472273"
    },
    "total": 13.0099129,
    "count": 1,
    "self": 0.010489899999999608,
    "children": {
        "run_training.setup": {
            "total": 0.03236440000000007,
            "count": 1,
            "self": 0.03236440000000007
        },
        "TrainerController.start_learning": {
            "total": 12.9670586,
            "count": 1,
            "self": 0.007293399999976913,
            "children": {
                "TrainerController._reset_env": {
                    "total": 7.5101287999999995,
                    "count": 1,
                    "self": 7.5101287999999995
                },
                "TrainerController.advance": {
                    "total": 5.344106200000024,
                    "count": 347,
                    "self": 0.007082000000036004,
                    "children": {
                        "env_step": {
                            "total": 5.276105299999985,
                            "count": 347,
                            "self": 4.225112000000015,
                            "children": {
                                "SubprocessEnvManager._take_step": {
                                    "total": 1.046807799999982,
                                    "count": 347,
                                    "self": 0.022954599999978953,
                                    "children": {
                                        "TorchPolicy.evaluate": {
                                            "total": 1.0238532000000031,
                                            "count": 347,
                                            "self": 0.28132519999998706,
                                            "children": {
                                                "TorchPolicy.sample_actions": {
                                                    "total": 0.7425280000000161,
                                                    "count": 347,
                                                    "self": 0.7425280000000161
                                                }
                                            }
                                        }
                                    }
                                },
                                "workers": {
                                    "total": 0.004185499999987741,
                                    "count": 346,
                                    "self": 0.0,
                                    "children": {
                                        "worker_root": {
                                            "total": 6.90232080000003,
                                            "count": 346,
                                            "is_parallel": true,
                                            "self": 3.0480572000000397,
                                            "children": {
                                                "steps_from_proto": {
                                                    "total": 0.0003720999999998753,
                                                    "count": 1,
                                                    "is_parallel": true,
                                                    "self": 0.00015689999999946025,
                                                    "children": {
                                                        "_process_rank_one_or_two_observation": {
                                                            "total": 0.00021520000000041506,
                                                            "count": 2,
                                                            "is_parallel": true,
                                                            "self": 0.00021520000000041506
                                                        }
                                                    }
                                                },
                                                "UnityEnvironment.step": {
                                                    "total": 3.8538914999999907,
                                                    "count": 346,
                                                    "is_parallel": true,
                                                    "self": 0.024138599999970367,
                                                    "children": {
                                                        "UnityEnvironment._generate_step_input": {
                                                            "total": 0.058258200000021354,
                                                            "count": 346,
                                                            "is_parallel": true,
                                                            "self": 0.058258200000021354
                                                        },
                                                        "communicator.exchange": {
                                                            "total": 3.6894624000000045,
                                                            "count": 346,
                                                            "is_parallel": true,
                                                            "self": 3.6894624000000045
                                                        },
                                                        "steps_from_proto": {
                                                            "total": 0.0820322999999945,
                                                            "count": 346,
                                                            "is_parallel": true,
                                                            "self": 0.043423900000004956,
                                                            "children": {
                                                                "_process_rank_one_or_two_observation": {
                                                                    "total": 0.03860839999998955,
                                                                    "count": 692,
                                                                    "is_parallel": true,
                                                                    "self": 0.03860839999998955
                                                                }
                                                            }
                                                        }
                                                    }
                                                }
                                            }
                                        }
                                    }
                                }
                            }
                        },
                        "trainer_advance": {
                            "total": 0.06091890000000255,
                            "count": 346,
                            "self": 0.00842210000000776,
                            "children": {
                                "process_trajectory": {
                                    "total": 0.05249679999999479,
                                    "count": 346,
                                    "self": 0.05249679999999479
                                }
                            }
                        }
                    }
                },