{
    "name": "root",
    "metadata": {
        "timer_format_version": "0.1.0",
        "start_time_seconds": "1622617192",
        "python_version": "3.9.0 (tags/v3.9.0:9cf6752, Oct  5 2020, 15:34:40) [MSC v.1927 64 bit (AMD64)]",
        "command_line_arguments": "F:\\20 crores\\Nightmare ml agents\\ve\\Scripts\\mlagents-learn --run-id=rbias5",
        "mlagents_version": "0.26.0",
        "mlagents_envs_version": "0.26.0",
        "communication_protocol_version": "1.5.0",
        "pytorch_version": "1.7.1+cu110",
        "numpy_version": "1.20.3",
        "end_time_seconds": "1622617335"
    },
    "total": 142.0939502,
    "count": 1,
    "self": 0.013977199999999357,
    "children": {
        "run_training.setup": {
            "total": 0.03111549999999985,
            "count": 1,
            "self": 0.03111549999999985
        },
        "TrainerController.start_learning": {
            "total": 142.0488575,
            "count": 1,
            "self": 0.2643158999993318,
            "children": {
                "TrainerController._reset_env": {
                    "total": 7.8891657,
                    "count": 1,
                    "self": 7.8891657
                },
                "TrainerController.advance": {
                    "total": 133.63730920000066,
                    "count": 12594,
                    "self": 0.25719470000092315,
                    "children": {
                        "env_step": {
                            "total": 129.3667240999996,
                            "count": 12594,
                            "self": 104.01369269999941,
                            "children": {
                                "SubprocessEnvManager._take_step": {
                                    "total": 25.188975299999765,
                                    "count": 12594,
                                    "self": 0.8580723000000496,
                                    "children": {
                                        "TorchPolicy.evaluate": {
                                            "total": 24.330902999999715,
                                            "count": 12487,
                                            "self": 10.276263899999645,
                                            "children": {
                                                "TorchPolicy.sample_actions": {
                                                    "total": 14.05463910000007,
                                                    "count": 12487,
                                                    "self": 14.05463910000007
                                                }
                                            }
                                        }
                                    }
                                },
                                "workers": {
                                    "total": 0.16405610000043502,
                                    "count": 12593,
                                    "self": 0.0,
                                    "children": {
                                        "worker_root": {
                                            "total": 135.1278888000008,
                                            "count": 12593,
                                            "is_parallel": true,
                                            "self": 44.36467990000119,
                                            "children": {
                                                "steps_from_proto": {
                                                    "total": 0.0003169999999999007,
                                                    "count": 1,
                                                    "is_parallel": true,
                                                    "self": 0.00013540000000045183,
                                                    "children": {
                                                        "_process_rank_one_or_two_observation": {
                                                            "total": 0.00018159999999944887,
                                                            "count": 2,
                                                            "is_parallel": true,
                                                            "self": 0.00018159999999944887
                                                        }
                                                    }
                                                },
                                                "UnityEnvironment.step": {
                                                    "total": 90.7628918999996,
                                                    "count": 12593,
                                                    "is_parallel": true,
                                                    "self": 0.8974271999988588,
                                                    "children": {
                                                        "UnityEnvironment._generate_step_input": {
                                                            "total": 2.123408000000852,
                                                            "count": 12593,
                                                            "is_parallel": true,
                                                            "self": 2.123408000000852
                                                        },
                                                        "communicator.exchange": {
                                                            "total": 84.75840859999998,
                                                            "count": 12593,
                                                            "is_parallel": true,
                                                            "self": 84.75840859999998
                                                        },
                                                        "steps_from_proto": {
                                                            "total": 2.9836480999999075,
                                                            "count": 12593,
                                                            "is_parallel": true,
                                                            "self": 1.593486299999519,
                                                            "children": {
                                                                "_process_rank_one_or_two_observation": {
                                                                    "total": 1.3901618000003886,
                                                                    "count": 25186,
                                                                    "is_parallel": true,
                                                                    "self": 1.3901618000003886
                                                                }
                                                            }
                                                        }
                                                    }
                                                }
                                            }
                                        }
                                    }
                                }
                            }
                        },
                        "trainer_advance": {
                            "total": 4.013390400000127,
                            "count": 12593,
                            "self": 0.31405129999989256,
                            "children": {
                                "process_trajectory": {
                                    "total": 1.1306649000002444,
                                    "count": 12593,
                                    "self": 1.1306649000002444
                                },
                                "_update_policy": {
                                    "total": 2.5686741999999896,