{
    "name": "root",
    "metadata": {
        "timer_format_version": "0.1.0",
        "start_time_seconds": "1622610858",
        "python_version": "3.9.0 (tags/v3.9.0:9cf6752, Oct  5 2020, 15:34:40) [MSC v.1927 64 bit (AMD64)]",
        "command_line_arguments": "F:\\20 crores\\Nightmare ml agents\\ve\\Scripts\\mlagents-learn --run-id=rbias4",
        "mlagents_version": "0.26.0",
        "mlagents_envs_version": "0.26.0",
        "communication_protocol_version": "1.5.0",
        "pytorch_version": "1.7.1+cu110",
        "numpy_version": "1.20.3",
        "end_time_seconds": "1622611171"
    },
    "total": 313.2054529,
    "count": 1,
    "self": 0.36355279999997947,
    "children": {
        "run_training.setup": {
            "total": 0.056265800000000254,
            "count": 1,
            "self": 0.056265800000000254
        },
        "TrainerController.start_learning": {
            "total": 312.7856343,
            "count": 1,
            "self": 0.8295755000000895,
            "children": {
                "TrainerController._reset_env": {
                    "total": 12.7386943,
                    "count": 1,
                    "self": 12.7386943
                },
                "TrainerController.advance": {
                    "total": 293.8663951999999,
                    "count": 3467,
                    "self": 0.7516137999987791,
                    "children": {
                        "env_step": {
                            "total": 288.08512040000073,
                            "count": 3467,
                            "self": 219.35289259999914,
                            "children": {
                                "SubprocessEnvManager._take_step": {
                                    "total": 68.22984890000201,
                                    "count": 3467,
                                    "self": 2.362381500001689,
                                    "children": {
                                        "TorchPolicy.evaluate": {
                                            "total": 65.86746740000032,
                                            "count": 3437,
                                            "self": 21.953223600000946,
                                            "children": {
                                                "TorchPolicy.sample_actions": {
                                                    "total": 43.914243799999376,
                                                    "count": 3437,
                                                    "self": 43.914243799999376
                                                }
                                            }
                                        }
                                    }
                                },
                                "workers": {
                                    "total": 0.5023788999995915,
                                    "count": 3466,
                                    "self": 0.0,
                                    "children": {
                                        "worker_root": {
                                            "total": 295.82983190000044,
                                            "count": 3466,
                                            "is_parallel": true,
                                            "self": 110.5085860000006,
                                            "children": {
                                                "steps_from_proto": {
                                                    "total": 0.0009597999999986229,
                                                    "count": 1,
                                                    "is_parallel": true,
                                                    "self": 0.00024580000000007374,
                                                    "children": {
                                                        "_process_rank_one_or_two_observation": {
                                                            "total": 0.0007139999999985491,
                                                            "count": 2,
                                                            "is_parallel": true,
                                                            "self": 0.0007139999999985491
                                                        }
                                                    }
                                                },
                                                "UnityEnvironment.step": {
                                                    "total": 185.32028609999983,
                                                    "count": 3466,
                                                    "is_parallel": true,
                                                    "self": 2.3512199000001317,
                                                    "children": {
                                                        "UnityEnvironment._generate_step_input": {
                                                            "total": 5.550905899999755,
                                                            "count": 3466,
                                                            "is_parallel": true,
                                                            "self": 5.550905899999755
                                                        },
                                                        "communicator.exchange": {
                                                            "total": 169.73171360000018,
                                                            "count": 3466,
                                                            "is_parallel": true,
                                                            "self": 169.73171360000018
                                                        },
                                                        "steps_from_proto": {
                                                            "total": 7.686446699999763,
                                                            "count": 3466,
                                                            "is_parallel": true,
                                                            "self": 4.651057999999887,
                                                            "children": {
                                                                "_process_rank_one_or_two_observation": {
                                                                    "total": 3.035388699999876,
                                                                    "count": 6932,
                                                                    "is_parallel": true,
                                                                    "self": 3.035388699999876
                                                                }
                                                            }
                                                        }
                                                    }
                                                }
                                            }
                                        }
                                    }
                                }
                            }
                        },
                        "trainer_advance": {
                            "total": 5.029661000000367,
                            "count": 3466,
                            "self": 0.7926268000004768,
                            "children": {
                                "process_trajectory": {
                                    "total": 4.23703419999989,
                                    "count": 3466,
                                    "self": 4.23703419999989
                                }
                            }
                        }
                    }
                },