{
    "name": "root",
    "metadata": {
        "timer_format_version": "0.1.0",
        "start_time_seconds": "1622473646",
        "python_version": "3.9.0 (tags/v3.9.0:9cf6752, Oct  5 2020, 15:34:40) [MSC v.1927 64 bit (AMD64)]",
        "command_line_arguments": "F:\\20 crores\\Nightmare ml agents\\ve\\Scripts\\mlagents-learn --run-id=obs2",
        "mlagents_version": "0.26.0",
        "mlagents_envs_version": "0.26.0",
        "communication_protocol_version": "1.5.0",
        "pytorch_version": "1.7.1+cu110",
        "numpy_version": "1.20.3",
        "end_time_seconds": "1622474019"
    },
    "total": 372.9923943,
    "count": 1,
    "self": 0.2035184000000072,
    "children": {
        "run_training.setup": {
            "total": 0.03150580000000014,
            "count": 1,
            "self": 0.03150580000000014
        },
        "TrainerController.start_learning": {
            "total": 372.7573701,
            "count": 1,
            "self": 6.645849000000624,
            "children": {
                "TrainerController._reset_env": {
                    "total": 5.889689199999999,
                    "count": 1,
                    "self": 5.889689199999999
                },
                "TrainerController.advance": {
                    "total": 359.3997685999994,
                    "count": 15414,
                    "self": 0.6117728999999485,
                    "children": {
                        "env_step": {
                            "total": 349.20667389999926,
                            "count": 15414,
                            "self": 292.0768732000006,
                            "children": {
                                "SubprocessEnvManager._take_step": {
                                    "total": 56.755215499998116,
                                    "count": 15414,
                                    "self": 1.9868094999961485,
                                    "children": {
                                        "TorchPolicy.evaluate": {
                                            "total": 54.76840600000197,
                                            "count": 15414,
                                            "self": 21.453892600001495,
                                            "children": {
                                                "TorchPolicy.sample_actions": {
                                                    "total": 33.31451340000047,
                                                    "count": 15414,
                                                    "self": 33.31451340000047
                                                }
                                            }
                                        }
                                    }
                                },
                                "workers": {
                                    "total": 0.37458520000052964,
                                    "count": 15413,
                                    "self": 0.0,
                                    "children": {
                                        "worker_root": {
                                            "total": 360.6849939000018,
                                            "count": 15413,
                                            "is_parallel": true,
                                            "self": 98.25048370000223,
                                            "children": {
                                                "steps_from_proto": {
                                                    "total": 0.0003064999999997653,
                                                    "count": 1,
                                                    "is_parallel": true,
                                                    "self": 0.00013419999999975118,
                                                    "children": {
                                                        "_process_rank_one_or_two_observation": {
                                                            "total": 0.0001723000000000141,
                                                            "count": 2,
                                                            "is_parallel": true,
                                                            "self": 0.0001723000000000141
                                                        }
                                                    }
                                                },
                                                "UnityEnvironment.step": {
                                                    "total": 262.43420369999956,
                                                    "count": 15413,
                                                    "is_parallel": true,
                                                    "self": 2.062578099997097,
                                                    "children": {
                                                        "UnityEnvironment._generate_step_input": {
                                                            "total": 4.867747600000596,
                                                            "count": 15413,
                                                            "is_parallel": true,
                                                            "self": 4.867747600000596
                                                        },
                                                        "communicator.exchange": {
                                                            "total": 248.5010372000002,
                                                            "count": 15413,
                                                            "is_parallel": true,
                                                            "self": 248.5010372000002
                                                        },
                                                        "steps_from_proto": {
                                                            "total": 7.002840800001643,
                                                            "count": 15413,
                                                            "is_parallel": true,
                                                            "self": 3.9537433000042412,
                                                            "children": {
                                                                "_process_rank_one_or_two_observation": {
                                                                    "total": 3.0490974999974014,
                                                                    "count": 30826,
                                                                    "is_parallel": true,
                                                                    "self": 3.0490974999974014
                                                                }
                                                            }
                                                        }
                                                    }
                                                }
                                            }
                                        }
                                    }
                                }
                            }
                        },
                        "trainer_advance": {
                            "total": 9.581321800000158,
                            "count": 15413,
                            "self": 0.6969934000019347,
                            "children": {
                                "process_trajectory": {
                                    "total": 4.774057299998217,
                                    "count": 15413,
                                    "self": 4.774057299998217
                                },
                                "_update_policy": {
                                    "total": 4.110271100000006,