{
    "name": "root",
    "metadata": {
        "timer_format_version": "0.1.0",
        "start_time_seconds": "1622444639",
        "python_version": "3.9.0 (tags/v3.9.0:9cf6752, Oct  5 2020, 15:34:40) [MSC v.1927 64 bit (AMD64)]",
        "command_line_arguments": "F:\\20 crores\\Nightmare ml agents\\ve\\Scripts\\mlagents-learn --run-id=4",
        "mlagents_version": "0.26.0",
        "mlagents_envs_version": "0.26.0",
        "communication_protocol_version": "1.5.0",
        "pytorch_version": "1.7.1+cu110",
        "numpy_version": "1.20.3",
        "end_time_seconds": "1622444668"
    },
    "total": 28.8965553,
    "count": 1,
    "self": 0.011374099999997611,
    "children": {
        "run_training.setup": {
            "total": 0.0330754000000002,
            "count": 1,
            "self": 0.0330754000000002
        },
        "TrainerController.start_learning": {
            "total": 28.8521058,
            "count": 1,
            "self": 0.025061499999956993,
            "children": {
                "TrainerController._reset_env": {
                    "total": 16.573049500000003,
                    "count": 1,
                    "self": 16.573049500000003
                },
                "TrainerController.advance": {
                    "total": 12.12266980000004,
                    "count": 1043,
                    "self": 0.024313900000006328,
                    "children": {
                        "env_step": {
                            "total": 11.873419800000057,
                            "count": 1043,
                            "self": 9.256030700000203,
                            "children": {
                                "SubprocessEnvManager._take_step": {
                                    "total": 2.6028464999998917,
                                    "count": 1043,
                                    "self": 0.07894449999982811,
                                    "children": {
                                        "TorchPolicy.evaluate": {
                                            "total": 2.5239020000000636,
                                            "count": 1004,
                                            "self": 0.8937090000000296,
                                            "children": {
                                                "TorchPolicy.sample_actions": {
                                                    "total": 1.630193000000034,
                                                    "count": 1004,
                                                    "self": 1.630193000000034
                                                }
                                            }
                                        }
                                    }
                                },
                                "workers": {
                                    "total": 0.014542599999963102,
                                    "count": 1042,
                                    "self": 0.0,
                                    "children": {
                                        "worker_root": {
                                            "total": 13.81577299999993,
                                            "count": 1042,
                                            "is_parallel": true,
                                            "self": 5.765443799999977,
                                            "children": {
                                                "steps_from_proto": {
                                                    "total": 0.0003355999999996584,
                                                    "count": 1,
                                                    "is_parallel": true,
                                                    "self": 0.00012749999999961403,
                                                    "children": {
                                                        "_process_rank_one_or_two_observation": {
                                                            "total": 0.00020810000000004436,
                                                            "count": 2,
                                                            "is_parallel": true,
                                                            "self": 0.00020810000000004436
                                                        }
                                                    }
                                                },
                                                "UnityEnvironment.step": {
                                                    "total": 8.049993599999954,
                                                    "count": 1042,
                                                    "is_parallel": true,
                                                    "self": 0.08111789999995622,
                                                    "children": {
                                                        "UnityEnvironment._generate_step_input": {
                                                            "total": 0.19243260000002138,
                                                            "count": 1042,
                                                            "is_parallel": true,
                                                            "self": 0.19243260000002138
                                                        },
                                                        "communicator.exchange": {
                                                            "total": 7.50645859999997,
                                                            "count": 1042,
                                                            "is_parallel": true,
                                                            "self": 7.50645859999997
                                                        },
                                                        "steps_from_proto": {
                                                            "total": 0.26998450000000673,
                                                            "count": 1042,
                                                            "is_parallel": true,
                                                            "self": 0.14866980000003238,
                                                            "children": {
                                                                "_process_rank_one_or_two_observation": {
                                                                    "total": 0.12131469999997435,
                                                                    "count": 2084,
                                                                    "is_parallel": true,
                                                                    "self": 0.12131469999997435
                                                                }
                                                            }
                                                        }
                                                    }
                                                }
                                            }
                                        }
                                    }
                                }
                            }
                        },
                        "trainer_advance": {
                            "total": 0.22493609999997588,
                            "count": 1042,
                            "self": 0.028094799999969666,
                            "children": {
                                "process_trajectory": {
                                    "total": 0.19684130000000621,
                                    "count": 1042,
                                    "self": 0.19684130000000621
                                }
                            }
                        }
                    }
                },