{
    "name": "root",
    "metadata": {
        "timer_format_version": "0.1.0",
        "start_time_seconds": "1622712847",
        "python_version": "3.9.0 (tags/v3.9.0:9cf6752, Oct  5 2020, 15:34:40) [MSC v.1927 64 bit (AMD64)]",
        "command_line_arguments": "F:\\20 crores\\Nightmare ml agents\\ve\\Scripts\\mlagents-learn --resume",
        "mlagents_version": "0.25.1",
        "mlagents_envs_version": "0.25.1",
        "communication_protocol_version": "1.5.0",
        "pytorch_version": "1.7.1+cu110",
        "numpy_version": "1.20.3",
        "end_time_seconds": "1622713368"
    },
    "total": 520.4442064,
    "count": 1,
    "self": 0.16054110000004584,
    "children": {
        "run_training.setup": {
            "total": 0.0510250000000001,
            "count": 1,
            "self": 0.0510250000000001
        },
        "TrainerController.start_learning": {
            "total": 520.2326403,
            "count": 1,
            "self": 1.3816772000030824,
            "children": {
                "TrainerController._reset_env": {
                    "total": 20.3416062,
                    "count": 1,
                    "self": 20.3416062
                },
                "TrainerController.advance": {
                    "total": 495.53087189999684,
                    "count": 24839,
                    "self": 0.6906112999967036,
                    "children": {
                        "env_step": {
                            "total": 494.84026060000014,
                            "count": 24839,
                            "self": 384.30428020000244,
                            "children": {
                                "SubprocessEnvManager._take_step": {
                                    "total": 109.84893619999696,
                                    "count": 24839,
                                    "self": 3.4936726999991237,
                                    "children": {
                                        "TorchPolicy.evaluate": {
                                            "total": 106.35526349999783,
                                            "count": 24597,
                                            "self": 39.1843397999985,
                                            "children": {
                                                "TorchPolicy.sample_actions": {
                                                    "total": 67.17092369999934,
                                                    "count": 24597,
                                                    "self": 67.17092369999934
                                                }
                                            }
                                        }
                                    }
                                },
                                "workers": {
                                    "total": 0.6870442000007309,
                                    "count": 24838,
                                    "self": 0.0,
                                    "children": {
                                        "worker_root": {
                                            "total": 496.7012283999984,
                                            "count": 24838,
                                            "is_parallel": true,
                                            "self": 165.76772449999572,
                                            "children": {
                                                "steps_from_proto": {
                                                    "total": 0.0003125000000032685,
                                                    "count": 1,
                                                    "is_parallel": true,
                                                    "self": 0.00014950000000268915,
                                                    "children": {
                                                        "_process_rank_one_or_two_observation": {
                                                            "total": 0.00016300000000057935,
                                                            "count": 2,
                                                            "is_parallel": true,
                                                            "self": 0.00016300000000057935
                                                        }
                                                    }
                                                },
                                                "UnityEnvironment.step": {
                                                    "total": 330.93319140000267,
                                                    "count": 24838,
                                                    "is_parallel": true,
                                                    "self": 3.6617132000005768,
                                                    "children": {
                                                        "UnityEnvironment._generate_step_input": {
                                                            "total": 8.61947450000153,
                                                            "count": 24838,
                                                            "is_parallel": true,
                                                            "self": 8.61947450000153
                                                        },
                                                        "communicator.exchange": {
                                                            "total": 306.7123226000027,
                                                            "count": 24838,
                                                            "is_parallel": true,
                                                            "self": 306.7123226000027
                                                        },
                                                        "steps_from_proto": {
                                                            "total": 11.939681099997845,
                                                            "count": 24838,
                                                            "is_parallel": true,
                                                            "self": 6.849860300003552,
                                                            "children": {
                                                                "_process_rank_one_or_two_observation": {
                                                                    "total": 5.089820799994293,
                                                                    "count": 49676,
                                                                    "is_parallel": true,
                                                                    "self": 5.089820799994293
                                                                }
                                                            }
                                                        }
                                                    }
                                                }
                                            }
                                        }
                                    }
                                }
                            }
                        }
                    }
                },
                "trainer_threads": {
                    "total": 0.0014477999999371605,
                    "count": 1,
                    "self": 0.0014477999999371605,
                    "children": {
                        "thread_root": {
                            "total": 0.0,
                            "count": 0,
                            "is_parallel": true,
                            "self": 0.0,
                            "children": {
                                "trainer_advance": {
                                    "total": 494.73352540000457,