{
    "name": "root",
    "metadata": {
        "timer_format_version": "0.1.0",
        "start_time_seconds": "1622558490",
        "python_version": "3.9.0 (tags/v3.9.0:9cf6752, Oct  5 2020, 15:34:40) [MSC v.1927 64 bit (AMD64)]",
        "command_line_arguments": "F:\\20 crores\\Nightmare ml agents\\ve\\Scripts\\mlagents-learn --run-id=Log",
        "mlagents_version": "0.26.0",
        "mlagents_envs_version": "0.26.0",
        "communication_protocol_version": "1.5.0",
        "pytorch_version": "1.7.1+cu110",
        "numpy_version": "1.20.3",
        "end_time_seconds": "1622558691"
    },
    "total": 200.66969600000002,
    "count": 1,
    "self": 0.00491030000003434,
    "children": {
        "run_training.setup": {
            "total": 0.47016820000000004,
            "count": 1,
            "self": 0.47016820000000004
        },
        "TrainerController.start_learning": {
            "total": 200.1946175,
            "count": 1,
            "self": 0.0003922999999588228,
            "children": {
                "TrainerController._reset_env": {
                    "total": 178.7190687,
                    "count": 1,
                    "self": 178.7190687
                },
                "TrainerController.advance": {
                    "total": 20.751789900000006,
                    "count": 1,
                    "self": 1.4899999996487168e-05,
                    "children": {
                        "env_step": {
                            "total": 20.75177500000001,
                            "count": 1,
                            "self": 20.751768,
                            "children": {
                                "SubprocessEnvManager._take_step": {
                                    "total": 7.000000010748408e-06,
                                    "count": 1,
                                    "self": 7.000000010748408e-06
                                }
                            }
                        }
                    }
                },
                "trainer_threads": {
                    "total": 1.0000000258969521e-06,
                    "count": 1,
                    "self": 1.0000000258969521e-06
                },
                "TrainerController._save_models": {
                    "total": 0.723365599999994,
                    "count": 1,
                    "self": 0.04537709999999606,
                    "children": {
                        "RLTrainer._checkpoint": {
                            "total": 0.6779884999999979,
                            "count": 1,
                            "self": 0.6779884999999979
                        }
                    }
                }
            }
        }
    }
}